sex,avg,sd,min,max,count
Female,146.58549222797927,40.80484801787231,36,234,193
Male,140.05777777777777,39.941795745015604,55,233,900
