sex,avg,sd,min,max,count
Female,146.65968586387436,40.709554004793766,36,234,191
Male,140.00224215246638,40.03259047628672,55,233,892
